[
    {
        "nomJeu": "Ori and the Blind Forest",
        "moteur": "Unity",
        "prix": 19.99,
        "plateforme": [
            "steam",
            "GOG",
            "Nintendo Switch",
            "Xbox One"
        ],
        "avisUtilisateur": [
            {
                "nomSite": "jvc",
                "noteSite": "17.5"
            },
            {
                "nomSite": "steam",
                "noteSite": "Extrêmement positives"
            },
            {
                "nomSite": "metacritic",
                "noteSite": 8.2
            },
            {
                "nomSite": "GOG",
                "noteSite": "4.5"
            }
        ],
        "tag": [
            "Plateforme",
            "Metroidvania"
        ],
        "description": "Ori and the Blind Forest relate l'histoire d'une jeune créature orpheline à la destinée héroïque, au travers d'un jeu de plateforme et d'action aux graphismes époustouflants, développé par Moon Studios.",
        "developpeur": "Moon Studio GmbH",
        "editeur": "Xbox Games Studios",
        "dlc": false,
        "langue": [
            {
                "nom": "Français",
                "interface": true,
                "audio": false,
                "soustitres": true
            },
            {
                "nom": "Anglais",
                "interface": true,
                "audio": false,
                "soustitres": true
            },
            {
                "nom": "Italien",
                "interface": true,
                "audio": false,
                "soustitres": true
            },
            {
                "nom": "Allemand",
                "interface": true,
                "audio": false,
                "soustitres": true
            },
            {
                "nom": "Espagnol - Espagne",
                "interface": true,
                "audio": false,
                "soustitres": true
            },
            {
                "nom": "Japonais",
                "interface": true,
                "audio": false,
                "soustitres": true
            },
            {
                "nom": "Russe",
                "interface": true,
                "audio": false,
                "soustitres": true
            },
            {
                "nom": "Portugais du Brésil",
                "interface": true,
                "audio": false,
                "soustitres": true
            }
        ]
    },
    {
        "nomJeu": "The Forest",
        "moteur": "Unity",
        "prix": 16.79,
        "plateforme": [
            "steam",
            "Playstation 4"
        ],
        "avisUtilisateur": [
            {
                "nomSite": "jvc",
                "noteSite": "15.9"
            },
            {
                "nomSite": "steam",
                "noteSite": "Extrêmement positives"
            },
            {
                "nomSite": "metacritic",
                "noteSite": "7.5"
            }
        ],
        "tag": [
            "Survie et fabrication en monde ouvert",
            "Action",
            "Multijoueur"
        ],
        "description": "En tant que seul survivant d'un accident d'avion de ligne, vous vous retrouvez dans une forêt mystérieuse, luttant pour rester en vie contre une société de mutants cannibales. Construisez, explorez et survivez dans ce terrifiant simulateur d'horreur de survie à la première personne.",
        "developpeur": "Endnight Games Ltd",
        "editeur": "Endnight Games Ltd",
        "dlc": false,
        "langue": [
            {
                "nom": "Français",
                "interface": true,
                "audio": false,
                "soustitres": true
            },
            {
                "nom": "Anglais",
                "interface": true,
                "audio": false,
                "soustitres": true
            },
            {
                "nom": "Italien",
                "interface": true,
                "audio": false,
                "soustitres": true
            },
            {
                "nom": "Allemand",
                "interface": true,
                "audio": false,
                "soustitres": true
            },
            {
                "nom": "Espagnol - Espagne",
                "interface": true,
                "audio": false,
                "soustitres": true
            },
            {
                "nom": "Japonais",
                "interface": true,
                "audio": false,
                "soustitres": true
            },
            {
                "nom": "Russe",
                "interface": true,
                "audio": false,
                "soustitres": true
            },
            {
                "nom": "Portugais du Brésil",
                "interface": true,
                "audio": false,
                "soustitres": true
            }
        ]
    },
    {
        "nomJeu": "Fortnite",
        "moteur": "Unreal Engine",
        "prix": 0,
        "plateforme": [
            "PC",
            "Playstation 4",
            "Xbox One",
            "Nintendo Switch",
            "Mobile",
            "Playstation 5",
            "Xbox Series X/S"
        ],
        "avisUtilisateur": [
            {
                "nomSite": "jvc",
                "noteSite": "17.5"
            },
            {
                "nomSite": "steam",
                "noteSite": "Globalement positif"
            },
            {
                "nomSite": "metacritic",
                "noteSite": "81"
            }
        ],
        "tag": [
            "Battle Royale",
            "Multijoueur",
            "Action",
            "Survie",
            "Stratégie"
        ],
        "description": "Fortnite est un jeu de battle royale gratuit où les joueurs s'affrontent dans un environnement vaste tout en construisant des structures pour se protéger et se défendre. Chaque partie est unique et l'objectif est de survivre jusqu'à la fin pour devenir le dernier joueur en vie.",
        "developpeur": "Epic Games",
        "editeur": "Epic Games",
        "dlc": true,
        "langue": [
            {
                "nom": "Français",
                "interface": true,
                "audio": true,
                "soustitres": true
            },
            {
                "nom": "Anglais",
                "interface": true,
                "audio": true,
                "soustitres": true
            },
            {
                "nom": "Allemand",
                "interface": true,
                "audio": true,
                "soustitres": true
            },
            {
                "nom": "Espagnol - Espagne",
                "interface": true,
                "audio": true,
                "soustitres": true
            },
            {
                "nom": "Italien",
                "interface": true,
                "audio": true,
                "soustitres": true
            },
            {
                "nom": "Japonais",
                "interface": true,
                "audio": true,
                "soustitres": true
            },
            {
                "nom": "Russe",
                "interface": true,
                "audio": true,
                "soustitres": true
            },
            {
                "nom": "Portugais du Brésil",
                "interface": true,
                "audio": true,
                "soustitres": true
            }
        ]
    },
    {
        "nomJeu": "BioShock 2",
        "moteur": "Unreal Engine 2.5",
        "prix": 19.99,
        "plateforme": [
            "PC",
            "Playstation 3",
            "Xbox 360"
        ],
        "avisUtilisateur": [
            {
                "nomSite": "jvc",
                "noteSite": "16.5"
            },
            {
                "nomSite": "steam",
                "noteSite": "Très positives"
            },
            {
                "nomSite": "metacritic",
                "noteSite": "83"
            }
        ],
        "tag": [
            "FPS",
            "Action",
            "Aventure",
            "Science-fiction",
            "RPG"
        ],
        "description": "BioShock 2 est un jeu de tir à la première personne se déroulant dans la ville sous-marine de Rapture. Le joueur incarne un Big Daddy, une créature imposante, et explore les ruines de cette société dystopique tout en affrontant des ennemis et en résolvant des énigmes.",
        "developpeur": "2K Marin",
        "editeur": "2K Games",
        "dlc": true,
        "langue": [
            {
                "nom": "Français",
                "interface": true,
                "audio": false,
                "soustitres": true
            },
            {
                "nom": "Anglais",
                "interface": true,
                "audio": true,
                "soustitres": true
            },
            {
                "nom": "Allemand",
                "interface": true,
                "audio": false,
                "soustitres": true
            },
            {
                "nom": "Espagnol - Espagne",
                "interface": true,
                "audio": false,
                "soustitres": true
            },
            {
                "nom": "Italien",
                "interface": true,
                "audio": false,
                "soustitres": true
            },
            {
                "nom": "Russe",
                "interface": true,
                "audio": false,
                "soustitres": true
            },
            {
                "nom": "Portugais du Brésil",
                "interface": true,
                "audio": false,
                "soustitres": true
            }
        ]
    }
]