[
    {
        "nomJeu": "Hollow Knight",
        "moteur": "Unity",
        "prix": 14.99,
        "plateforme": [
            "PC",
            "Nintendo Switch",
            "PlayStation 4",
            "Xbox One"
        ],
        "avisUtilisateur": [
            {
                "nomSite": "jvc",
                "noteSite": "18/20"
            },
            {
                "nomSite": "steam",
                "noteSite": "Extrêmement positives"
            },
            {
                "nomSite": "metacritic",
                "noteSite": "90/100"
            }
        ],
        "tag": [
            "Metroidvania",
            "Exploration",
            "Action",
            "Aventure",
            "Indépendant"
        ],
        "description": "Hollow Knight est un jeu d'exploration et de plateforme dans lequel le joueur incarne un chevalier silencieux explorant un monde souterrain rempli de mystères, de défis et de créatures fascinantes. Acclamé pour son gameplay fluide et son design artistique enchanteur.",
        "developpeur": "Team Cherry",
        "editeur": "Team Cherry",
        "dlc": true,
        "langue": [
            {
                "nom": "Français",
                "interface": true,
                "audio": false,
                "soustitres": true
            },
            {
                "nom": "Anglais",
                "interface": true,
                "audio": true,
                "soustitres": true
            },
            {
                "nom": "Espagnol",
                "interface": true,
                "audio": false,
                "soustitres": true
            },
            {
                "nom": "Chinois simplifié",
                "interface": true,
                "audio": false,
                "soustitres": true
            }
        ]
    },
    {
        "nomJeu": "Among Us",
        "moteur": "Unity",
        "prix": 4.99,
        "plateforme": [
            "PC",
            "Nintendo Switch",
            "PlayStation 4",
            "PlayStation 5",
            "Xbox One",
            "Xbox Series X/S",
            "iOS",
            "Android"
        ],
        "avisUtilisateur": [
            {
                "nomSite": "jvc",
                "noteSite": "15/20"
            },
            {
                "nomSite": "steam",
                "noteSite": "Très positives"
            },
            {
                "nomSite": "metacritic",
                "noteSite": "78/100"
            }
        ],
        "tag": [
            "Multijoueur",
            "Déduction sociale",
            "Coopératif",
            "Party Game",
            "Indépendant"
        ],
        "description": "Among Us est un jeu multijoueur en ligne où les joueurs doivent coopérer pour accomplir des tâches sur un vaisseau spatial tout en identifiant les imposteurs parmi eux. Ces derniers cherchent à saboter la mission et éliminer les membres d'équipage.",
        "developpeur": "Innersloth",
        "editeur": "Innersloth",
        "dlc": false,
        "langue": [
            {
                "nom": "Français",
                "interface": true,
                "audio": false,
                "soustitres": true
            },
            {
                "nom": "Anglais",
                "interface": true,
                "audio": true,
                "soustitres": true
            },
            {
                "nom": "Espagnol",
                "interface": true,
                "audio": false,
                "soustitres": true
            },
            {
                "nom": "Chinois simplifié",
                "interface": true,
                "audio": false,
                "soustitres": true
            },
            {
                "nom": "Allemand",
                "interface": true,
                "audio": false,
                "soustitres": true
            }
        ]
    },
    {
        "nomJeu": "Fortnite",
        "moteur": "Unreal Engine",
        "prix": 0,
        "plateforme": [
            "PC",
            "PlayStation 4",
            "PlayStation 5",
            "Xbox One",
            "Xbox Series X/S",
            "Nintendo Switch",
            "iOS",
            "Android"
        ],
        "avisUtilisateur": [
            {
                "nomSite": "jvc",
                "noteSite": "15.5/20"
            },
            {
                "nomSite": "metacritic",
                "noteSite": "81/100"
            },
            {
                "nomSite": "epic",
                "noteSite": "4.7/5"
            }
        ],
        "tag": [
            "Battle Royale",
            "Construction",
            "Survie",
            "Multijoueur",
            "Gratuit"
        ],
        "description": "Fortnite est un jeu de battle royale populaire développé par Epic Games. Les joueurs s'affrontent dans un vaste environnement tout en collectant des ressources, construisant des structures et tentant de rester le dernier survivant.",
        "developpeur": "Epic Games",
        "editeur": "Epic Games",
        "dlc": true,
        "langue": [
            {
                "nom": "Français",
                "interface": true,
                "audio": true,
                "soustitres": true
            },
            {
                "nom": "Anglais",
                "interface": true,
                "audio": true,
                "soustitres": true
            },
            {
                "nom": "Espagnol",
                "interface": true,
                "audio": true,
                "soustitres": true
            },
            {
                "nom": "Japonais",
                "interface": true,
                "audio": true,
                "soustitres": true
            },
            {
                "nom": "Russe",
                "interface": true,
                "audio": true,
                "soustitres": true
            }
        ]
    },
    {
        "nomJeu": "Gears of War",
        "moteur": "Unreal Engine",
        "prix": 29.99,
        "plateforme": [
            "Xbox 360",
            "PC",
            "Xbox One",
            "Xbox Series X/S"
        ],
        "avisUtilisateur": [
            {
                "nomSite": "jvc",
                "noteSite": "17/20"
            },
            {
                "nomSite": "metacritic",
                "noteSite": "94/100"
            },
            {
                "nomSite": "ign",
                "noteSite": "9.4/10"
            }
        ],
        "tag": [
            "TPS",
            "Action",
            "Aventure",
            "Science-fiction",
            "Coopératif"
        ],
        "description": "Gears of War est un jeu de tir à la troisième personne acclamé pour son gameplay tactique et ses graphismes impressionnants. Le joueur incarne Marcus Fenix, un soldat combattant une invasion extraterrestre dans un univers sombre et dystopique.",
        "developpeur": "Epic Games",
        "editeur": "Microsoft Game Studios",
        "dlc": true,
        "langue": [
            {
                "nom": "Français",
                "interface": true,
                "audio": true,
                "soustitres": true
            },
            {
                "nom": "Anglais",
                "interface": true,
                "audio": true,
                "soustitres": true
            },
            {
                "nom": "Allemand",
                "interface": true,
                "audio": true,
                "soustitres": true
            },
            {
                "nom": "Italien",
                "interface": true,
                "audio": true,
                "soustitres": true
            },
            {
                "nom": "Espagnol",
                "interface": true,
                "audio": true,
                "soustitres": true
            }
        ]
    },
    {
        "nomJeu": "Deponia",
        "moteur": "Godot",
        "prix": 14.99,
        "plateforme": [
            "PC",
            "Mac",
            "Linux"
        ],
        "avisUtilisateur": [
            {
                "nomSite": "jvc",
                "noteSite": "16/20"
            },
            {
                "nomSite": "metacritic",
                "noteSite": "75/100"
            },
            {
                "nomSite": "steam",
                "noteSite": "Très positives"
            }
        ],
        "tag": [
            "Aventure",
            "Puzzle",
            "Narratif",
            "Indépendant"
        ],
        "description": "Deponia est un jeu d'aventure graphique où le joueur doit résoudre des énigmes dans un univers humoristique et décalé. Le héros, Rufus, rêve de quitter sa planète-poubelle pour une vie meilleure.",
        "developpeur": "Daedalic Entertainment",
        "editeur": "Daedalic Entertainment",
        "dlc": false,
        "langue": [
            {
                "nom": "Français",
                "interface": true,
                "audio": false,
                "soustitres": true
            },
            {
                "nom": "Anglais",
                "interface": true,
                "audio": true,
                "soustitres": true
            },
            {
                "nom": "Allemand",
                "interface": true,
                "audio": true,
                "soustitres": true
            }
        ]
    },
    {
        "nomJeu": "Cruelty Squad",
        "moteur": "Godot",
        "prix": 19.99,
        "plateforme": [
            "PC",
            "Mac"
        ],
        "avisUtilisateur": [
            {
                "nomSite": "jvc",
                "noteSite": "15/20"
            },
            {
                "nomSite": "metacritic",
                "noteSite": "76/100"
            },
            {
                "nomSite": "steam",
                "noteSite": "Très positives"
            }
        ],
        "tag": [
            "FPS",
            "Immersif",
            "Rétro",
            "Expérimental",
            "Indépendant"
        ],
        "description": "Cruelty Squad est un jeu de tir immersif avec des visuels lo-fi et un style unique. Les joueurs incarnent un assassin travaillant pour une méga-corporation dans un univers dystopique.",
        "developpeur": "Consumer Softproducts",
        "editeur": "Consumer Softproducts",
        "dlc": false,
        "langue": [
            {
                "nom": "Anglais",
                "interface": true,
                "audio": false,
                "soustitres": false
            }
        ]
    },
    {
        "nomJeu": "Crysis",
        "moteur": "CryEngine",
        "prix": 29.99,
        "plateforme": [
            "PC",
            "PlayStation 3",
            "Xbox 360",
            "PlayStation 4",
            "Xbox One",
            "Nintendo Switch"
        ],
        "avisUtilisateur": [
            {
                "nomSite": "jvc",
                "noteSite": "18/20"
            },
            {
                "nomSite": "metacritic",
                "noteSite": "91/100"
            },
            {
                "nomSite": "ign",
                "noteSite": "9.0/10"
            }
        ],
        "tag": [
            "FPS",
            "Action",
            "Science-fiction",
            "Monde ouvert"
        ],
        "description": "Crysis est un jeu de tir à la première personne mettant en scène des soldats équipés d'exosquelettes dans un environnement de jungle ouvert. Il est connu pour ses graphismes révolutionnaires à sa sortie.",
        "developpeur": "Crytek",
        "editeur": "Electronic Arts",
        "dlc": true,
        "langue": [
            {
                "nom": "Français",
                "interface": true,
                "audio": true,
                "soustitres": true
            },
            {
                "nom": "Anglais",
                "interface": true,
                "audio": true,
                "soustitres": true
            },
            {
                "nom": "Allemand",
                "interface": true,
                "audio": true,
                "soustitres": true
            }
        ]
    },
    {
        "nomJeu": "Hunt: Showdown",
        "moteur": "CryEngine",
        "prix": 39.99,
        "plateforme": [
            "PC",
            "PlayStation 4",
            "Xbox One"
        ],
        "avisUtilisateur": [
            {
                "nomSite": "jvc",
                "noteSite": "16.5/20"
            },
            {
                "nomSite": "metacritic",
                "noteSite": "81/100"
            },
            {
                "nomSite": "steam",
                "noteSite": "Très positives"
            }
        ],
        "tag": [
            "FPS",
            "Multijoueur",
            "Horreur",
            "Survie",
            "PvPvE"
        ],
        "description": "Hunt: Showdown est un jeu multijoueur PvPvE où les joueurs chassent des monstres tout en s'affrontant. Avec une ambiance sombre et immersive, le jeu met l'accent sur la stratégie et le travail d'équipe.",
        "developpeur": "Crytek",
        "editeur": "Crytek",
        "dlc": true,
        "langue": [
            {
                "nom": "Français",
                "interface": true,
                "audio": true,
                "soustitres": true
            },
            {
                "nom": "Anglais",
                "interface": true,
                "audio": true,
                "soustitres": true
            },
            {
                "nom": "Espagnol",
                "interface": true,
                "audio": false,
                "soustitres": true
            }
        ]
    },
    {
        "nomJeu": "To the Moon",
        "moteur": "RPG Maker",
        "prix": 9.99,
        "plateforme": [
            "PC",
            "Mac",
            "Linux",
            "iOS",
            "Android",
            "Nintendo Switch"
        ],
        "avisUtilisateur": [
            {
                "nomSite": "jvc",
                "noteSite": "17/20"
            },
            {
                "nomSite": "metacritic",
                "noteSite": "81/100"
            },
            {
                "nomSite": "steam",
                "noteSite": "Très positives"
            }
        ],
        "tag": [
            "RPG",
            "Narratif",
            "Emotionnel",
            "Indépendant"
        ],
        "description": "To the Moon est un jeu narratif qui raconte l'histoire d'un homme en fin de vie souhaitant réaliser son rêve de voyager sur la lune. Le gameplay se concentre sur la narration et l'exploration.",
        "developpeur": "Freebird Games",
        "editeur": "Freebird Games",
        "dlc": true,
        "langue": [
            {
                "nom": "Français",
                "interface": true,
                "audio": false,
                "soustitres": true
            },
            {
                "nom": "Anglais",
                "interface": true,
                "audio": true,
                "soustitres": true
            }
        ]
    },
    {
        "nomJeu": "LISA: The Painful",
        "moteur": "RPG Maker",
        "prix": 19.99,
        "plateforme": [
            "PC",
            "Mac",
            "Linux"
        ],
        "avisUtilisateur": [
            {
                "nomSite": "jvc",
                "noteSite": "16/20"
            },
            {
                "nomSite": "metacritic",
                "noteSite": "78/100"
            },
            {
                "nomSite": "steam",
                "noteSite": "Très positives"
            }
        ],
        "tag": [
            "RPG",
            "Sombre",
            "Humour noir",
            "Indépendant"
        ],
        "description": "LISA: The Painful est un RPG post-apocalyptique unique, mêlant exploration, combat et une histoire sombre avec des moments d'humour noir. Les choix du joueur influencent fortement l'aventure.",
        "developpeur": "Dingaling",
        "editeur": "Dingaling",
        "dlc": false,
        "langue": [
            {
                "nom": "Anglais",
                "interface": true,
                "audio": false,
                "soustitres": false
            }
        ]
    },
    {
        "nomJeu": "Mari0",
        "moteur": "Love2D",
        "prix": 0.00,
        "plateforme": [
            "PC",
            "Mac",
            "Linux"
        ],
        "avisUtilisateur": [
            {
                "nomSite": "indiegames",
                "noteSite": "Très positives"
            },
            {
                "nomSite": "forum",
                "noteSite": "Culte"
            }
        ],
        "tag": [
            "Plateforme",
            "Puzzle",
            "Gratuit",
            "Indépendant"
        ],
        "description": "Mari0 est un jeu de plateforme qui combine le gameplay classique de Super Mario Bros avec le concept du portail, permettant au joueur de résoudre des puzzles créatifs.",
        "developpeur": "Stabyourself",
        "editeur": "Stabyourself",
        "dlc": false,
        "langue": [
            {
                "nom": "Anglais",
                "interface": true,
                "audio": false,
                "soustitres": false
            }
        ]
    },
    {
        "nomJeu": "Risk of Rain",
        "moteur": "Love2D",
        "prix": 9.99,
        "plateforme": [
            "PC",
            "Mac",
            "Linux",
            "Nintendo Switch",
            "PlayStation 4",
            "Xbox One"
        ],
        "avisUtilisateur": [
            {
                "nomSite": "jvc",
                "noteSite": "18/20"
            },
            {
                "nomSite": "metacritic",
                "noteSite": "80/100"
            },
            {
                "nomSite": "steam",
                "noteSite": "Très positives"
            }
        ],
        "tag": [
            "Roguelike",
            "Plateforme",
            "Action",
            "Multijoueur",
            "Indépendant"
        ],
        "description": "Risk of Rain est un roguelike en 2D combinant des éléments de survie, d'action et de plateforme. Les joueurs affrontent des hordes d'ennemis avec des personnages ayant des capacités uniques.",
        "developpeur": "Hopoo Games",
        "editeur": "Gearbox Publishing",
        "dlc": false,
        "langue": [
            {
                "nom": "Anglais",
                "interface": true,
                "audio": false,
                "soustitres": false
            }
        ]
    },
    {
        "nomJeu": "Grand Theft Auto V",
        "moteur": "RAGE",
        "prix": 29.99,
        "plateforme": [
            "PC",
            "PlayStation 3",
            "PlayStation 4",
            "PlayStation 5",
            "Xbox 360",
            "Xbox One",
            "Xbox Series X|S"
        ],
        "avisUtilisateur": [
            {
                "nomSite": "jvc",
                "noteSite": "19/20"
            },
            {
                "nomSite": "metacritic",
                "noteSite": "97/100"
            },
            {
                "nomSite": "ign",
                "noteSite": "10/10"
            }
        ],
        "tag": [
            "Action",
            "Aventure",
            "Monde ouvert",
            "Multijoueur"
        ],
        "description": "Grand Theft Auto V est un jeu en monde ouvert où les joueurs explorent Los Santos et sa campagne environnante à travers trois protagonistes, chacun avec sa propre histoire.",
        "developpeur": "Rockstar North",
        "editeur": "Rockstar Games",
        "dlc": true,
        "langue": [
            {
                "nom": "Français",
                "interface": true,
                "audio": false,
                "soustitres": true
            },
            {
                "nom": "Anglais",
                "interface": true,
                "audio": true,
                "soustitres": true
            }
        ]
    },
    {
        "nomJeu": "Red Dead Redemption 2",
        "moteur": "RAGE",
        "prix": 59.99,
        "plateforme": [
            "PC",
            "PlayStation 4",
            "Xbox One"
        ],
        "avisUtilisateur": [
            {
                "nomSite": "jvc",
                "noteSite": "19.5/20"
            },
            {
                "nomSite": "metacritic",
                "noteSite": "95/100"
            },
            {
                "nomSite": "ign",
                "noteSite": "10/10"
            }
        ],
        "tag": [
            "Action",
            "Aventure",
            "Monde ouvert",
            "Western"
        ],
        "description": "Red Dead Redemption 2 est un jeu en monde ouvert suivant les aventures d'Arthur Morgan et du gang Van der Linde à la fin de l'ère du Far West.",
        "developpeur": "Rockstar Studios",
        "editeur": "Rockstar Games",
        "dlc": false,
        "langue": [
            {
                "nom": "Français",
                "interface": true,
                "audio": false,
                "soustitres": true
            },
            {
                "nom": "Anglais",
                "interface": true,
                "audio": true,
                "soustitres": true
            }
        ]
    },
    {
        "nomJeu": "The Witcher 3: Wild Hunt",
        "moteur": "REDengine 3",
        "prix": 39.99,
        "plateforme": [
            "PC",
            "Playstation 4",
            "Playstation 5",
            "Xbox One",
            "Xbox Series X|S",
            "Nintendo Switch"
        ],
        "avisUtilisateur": [
            {
                "nomSite": "jvc",
                "noteSite": "19/20"
            },
            {
                "nomSite": "steam",
                "noteSite": "Extrêmement positives"
            },
            {
                "nomSite": "metacritic",
                "noteSite": "93/100"
            }
        ],
        "tag": [
            "RPG",
            "Action",
            "Aventure",
            "Narration",
            "Monde ouvert"
        ],
        "description": "The Witcher 3: Wild Hunt est un jeu de rôle en monde ouvert acclamé pour sa narration immersive, ses graphismes exceptionnels et son gameplay riche. Le joueur incarne Geralt de Riv, un sorceleur, dans une quête épique à travers un univers fantastique peuplé de monstres, de choix moraux complexes et d'histoires captivantes.",
        "developpeur": "CD Projekt RED",
        "editeur": "CD Projekt",
        "dlc": true,
        "langue": [
            {
                "nom": "Français",
                "interface": true,
                "audio": true,
                "soustitres": true
            },
            {
                "nom": "Anglais",
                "interface": true,
                "audio": true,
                "soustitres": true
            },
            {
                "nom": "Allemand",
                "interface": true,
                "audio": true,
                "soustitres": true
            },
            {
                "nom": "Espagnol",
                "interface": true,
                "audio": true,
                "soustitres": true
            },
            {
                "nom": "Italien",
                "interface": true,
                "audio": true,
                "soustitres": true
            },
            {
                "nom": "Russe",
                "interface": true,
                "audio": true,
                "soustitres": true
            },
            {
                "nom": "Polonais",
                "interface": true,
                "audio": true,
                "soustitres": true
            }
        ]
    },
    {
        "nomJeu": "Assassin's Creed Valhalla",
        "moteur": "AnvilNext 2.0",
        "prix": 59.99,
        "plateforme": [
            "PC",
            "Playstation 4",
            "Playstation 5",
            "Xbox One",
            "Xbox Series X|S"
        ],
        "avisUtilisateur": [
            {
                "nomSite": "jvc",
                "noteSite": "17/20"
            },
            {
                "nomSite": "steam",
                "noteSite": "Très positives"
            },
            {
                "nomSite": "metacritic",
                "noteSite": "84/100"
            }
        ],
        "tag": [
            "Action",
            "Aventure",
            "Monde ouvert",
            "Historique",
            "RPG"
        ],
        "description": "Assassin's Creed Valhalla est un jeu en monde ouvert qui plonge le joueur dans l'univers des Vikings. Vous incarnez Eivor, un chef de clan nordique, et explorez l'Angleterre du IXe siècle à travers des raids, des alliances politiques et des combats épiques.",
        "developpeur": "Ubisoft Montreal",
        "editeur": "Ubisoft",
        "dlc": true,
        "langue": [
            {
                "nom": "Français",
                "interface": true,
                "audio": true,
                "soustitres": true
            },
            {
                "nom": "Anglais",
                "interface": true,
                "audio": true,
                "soustitres": true
            },
            {
                "nom": "Allemand",
                "interface": true,
                "audio": true,
                "soustitres": true
            },
            {
                "nom": "Espagnol",
                "interface": true,
                "audio": true,
                "soustitres": true
            },
            {
                "nom": "Italien",
                "interface": true,
                "audio": true,
                "soustitres": true
            },
            {
                "nom": "Japonais",
                "interface": true,
                "audio": true,
                "soustitres": true
            }
        ]
    },
    {
        "nomJeu": "Ghost Recon Breakpoint",
        "moteur": "AnvilNext 2.0",
        "prix": 49.99,
        "plateforme": [
            "PC",
            "Playstation 4",
            "Playstation 5",
            "Xbox One",
            "Xbox Series X|S"
        ],
        "avisUtilisateur": [
            {
                "nomSite": "jvc",
                "noteSite": "14/20"
            },
            {
                "nomSite": "steam",
                "noteSite": "Plutôt positives"
            },
            {
                "nomSite": "metacritic",
                "noteSite": "58/100"
            }
        ],
        "tag": [
            "Action",
            "Tactique",
            "Multijoueur",
            "Coopération",
            "Monde ouvert"
        ],
        "description": "Ghost Recon Breakpoint est un jeu de tir tactique en monde ouvert, où le joueur doit survivre en territoire hostile en menant des opérations militaires contre une faction ennemie équipée de drones avancés.",
        "developpeur": "Ubisoft Paris",
        "editeur": "Ubisoft",
        "dlc": true,
        "langue": [
            {
                "nom": "Français",
                "interface": true,
                "audio": true,
                "soustitres": true
            },
            {
                "nom": "Anglais",
                "interface": true,
                "audio": true,
                "soustitres": true
            },
            {
                "nom": "Allemand",
                "interface": true,
                "audio": true,
                "soustitres": true
            },
            {
                "nom": "Espagnol",
                "interface": true,
                "audio": true,
                "soustitres": true
            },
            {
                "nom": "Italien",
                "interface": true,
                "audio": true,
                "soustitres": true
            }
        ]
    },
    {
        "nomJeu": "Cyberpunk 2077",
        "moteur": "REDengine 4",
        "prix": 59.99,
        "plateforme": [
            "PC",
            "Playstation 4",
            "Playstation 5",
            "Xbox One",
            "Xbox Series X|S",
            "Stadia"
        ],
        "avisUtilisateur": [
            {
                "nomSite": "jvc",
                "noteSite": "16.5/20"
            },
            {
                "nomSite": "steam",
                "noteSite": "Extrêmement positives"
            },
            {
                "nomSite": "metacritic",
                "noteSite": "86/100"
            }
        ],
        "tag": [
            "RPG",
            "Action",
            "Science-fiction",
            "Monde ouvert",
            "Futuriste"
        ],
        "description": "Cyberpunk 2077 est un jeu en monde ouvert futuriste se déroulant dans la ville de Night City. Le moteur REDengine 4 permet une immersion totale grâce à des graphismes avancés, des environnements détaillés et une narration profonde avec de nombreux choix.",
        "developpeur": "CD Projekt RED",
        "editeur": "CD Projekt",
        "dlc": true,
        "langue": [
            {
                "nom": "Français",
                "interface": true,
                "audio": true,
                "soustitres": true
            },
            {
                "nom": "Anglais",
                "interface": true,
                "audio": true,
                "soustitres": true
            },
            {
                "nom": "Allemand",
                "interface": true,
                "audio": true,
                "soustitres": true
            },
            {
                "nom": "Espagnol",
                "interface": true,
                "audio": true,
                "soustitres": true
            },
            {
                "nom": "Italien",
                "interface": true,
                "audio": true,
                "soustitres": true
            },
            {
                "nom": "Russe",
                "interface": true,
                "audio": true,
                "soustitres": true
            }
        ]
    },
    {
        "nomJeu": "The Next Penelope",
        "moteur": "Construct 3",
        "prix": 14.99,
        "plateforme": [
            "PC",
            "Mac",
            "Linux",
            "PlayStation 4",
            "Xbox One",
            "Nintendo Switch"
        ],
        "avisUtilisateur": [
            {
                "nomSite": "jvc",
                "noteSite": "15/20"
            },
            {
                "nomSite": "steam",
                "noteSite": "Très positives"
            },
            {
                "nomSite": "metacritic",
                "noteSite": "81/100"
            }
        ],
        "tag": [
            "Arcade",
            "Action",
            "Science-fiction",
            "Course",
            "2D"
        ],
        "description": "The Next Penelope est un jeu d'arcade de science-fiction développé avec Construct, offrant une expérience de course intense dans un univers futuriste. Le moteur Construct 3 permet un gameplay rapide et fluide avec un accent sur les éléments visuels dynamiques.",
        "developpeur": "Aesir Interactive",
        "editeur": "Aesir Interactive",
        "dlc": false,
        "langue": [
            {
                "nom": "Français",
                "interface": true,
                "audio": false,
                "soustitres": true
            },
            {
                "nom": "Anglais",
                "interface": true,
                "audio": false,
                "soustitres": true
            },
            {
                "nom": "Allemand",
                "interface": true,
                "audio": false,
                "soustitres": true
            }
        ]
    },
    {
        "nomJeu": "Cosmochoria",
        "moteur": "Construct 3",
        "prix": 9.99,
        "plateforme": [
            "PC",
            "Mac",
            "Linux",
            "Nintendo Switch"
        ],
        "avisUtilisateur": [
            {
                "nomSite": "jvc",
                "noteSite": "13/20"
            },
            {
                "nomSite": "steam",
                "noteSite": "Plutôt positives"
            },
            {
                "nomSite": "metacritic",
                "noteSite": "75/100"
            }
        ],
        "tag": [
            "Exploration",
            "Aventure",
            "2D",
            "Indépendant",
            "Science-fiction"
        ],
        "description": "Cosmochoria est un jeu 2D exploratoire créé avec Construct, où le joueur doit restaurer des planètes dévastées en plantant des graines et en cultivant des ressources. Ce jeu simple et charmant utilise les outils visuels de Construct pour une expérience fluide et engageante.",
        "developpeur": "Nerdook Productions",
        "editeur": "Nerdook Productions",
        "dlc": false,
        "langue": [
            {
                "nom": "Français",
                "interface": true,
                "audio": false,
                "soustitres": true
            },
            {
                "nom": "Anglais",
                "interface": true,
                "audio": false,
                "soustitres": true
            },
            {
                "nom": "Espagnol",
                "interface": true,
                "audio": false,
                "soustitres": true
            }
        ]
    },
    {
        "nomJeu": "Undertale",
        "moteur": "GameMaker Studio",
        "prix": 9.99,
        "plateforme": [
            "PC",
            "Mac",
            "PlayStation 4",
            "Nintendo Switch",
            "Xbox One"
        ],
        "avisUtilisateur": [
            {
                "nomSite": "jvc",
                "noteSite": "18/20"
            },
            {
                "nomSite": "steam",
                "noteSite": "Extrêmement positives"
            },
            {
                "nomSite": "metacritic",
                "noteSite": "92/100"
            }
        ],
        "tag": [
            "RPG",
            "Aventure",
            "Indépendant",
            "Narration",
            "2D"
        ],
        "description": "Undertale est un RPG indépendant populaire pour son approche innovante du gameplay, où les joueurs peuvent choisir de résoudre les conflits de manière pacifique. Développé avec GameMaker Studio, le jeu combine des éléments de gameplay classique avec une narration interactive unique.",
        "developpeur": "Toby Fox",
        "editeur": "Toby Fox",
        "dlc": false,
        "langue": [
            {
                "nom": "Français",
                "interface": true,
                "audio": false,
                "soustitres": true
            },
            {
                "nom": "Anglais",
                "interface": true,
                "audio": false,
                "soustitres": true
            },
            {
                "nom": "Espagnol",
                "interface": true,
                "audio": false,
                "soustitres": true
            }
        ]
    },
    {
        "nomJeu": "Hyper Light Drifter",
        "moteur": "GameMaker Studio",
        "prix": 19.99,
        "plateforme": [
            "PC",
            "Mac",
            "PlayStation 4",
            "Xbox One",
            "Nintendo Switch"
        ],
        "avisUtilisateur": [
            {
                "nomSite": "jvc",
                "noteSite": "17/20"
            },
            {
                "nomSite": "steam",
                "noteSite": "Très positives"
            },
            {
                "nomSite": "metacritic",
                "noteSite": "85/100"
            }
        ],
        "tag": [
            "Action",
            "Aventure",
            "RPG",
            "2D",
            "Indépendant"
        ],
        "description": "Hyper Light Drifter est un jeu d'action-aventure inspiré des classiques de l'ère 16 bits, combinant exploration, combats intenses et puzzles. Développé avec GameMaker Studio, il se distingue par ses graphismes pixel art et sa narration sans dialogues.",
        "developpeur": "Heart Machine",
        "editeur": "Heart Machine",
        "dlc": true,
        "langue": [
            {
                "nom": "Français",
                "interface": true,
                "audio": false,
                "soustitres": true
            },
            {
                "nom": "Anglais",
                "interface": true,
                "audio": false,
                "soustitres": true
            },
            {
                "nom": "Espagnol",
                "interface": true,
                "audio": false,
                "soustitres": true
            }
        ]
    }
]